a, b, c, d, e, f, g, h, i, j, k, l, m, n, o, p, q, r, s, t, u, v, w, x, y, z
such,missing,block,huge,captured,pen,fat,angry,water,strange,trunk,forgotten,war,transportation,ten,color,theory,between,add,closely,complete,loose,fall,consist,expression,branch
young,first,income,managed,listen,form,ants,lower,play,mice,sale,before,sat,shaking,reason,manner,research,glass,surface,iron,pride,occur,fuel,highest,tea,main
being,brief,east,development,help,molecular,lying,paragraph,purple,stood,column,stood,main,those,easy,settlers,not,enemy,rubber,college,political,military,sister,native,especially,positive
known,mighty,drew,other,invented,low,contrast,entirely,began,zero,road,useful,taken,newspaper,husband,account,except,teacher,pattern,identity,spell,service,travel,met,quietly,land
report,sleep,dig,pressure,double,breathing,detail,mistake,grow,lead,smaller,detail,herd,double,greatly,contain,desk,tightly,no,teach,note,felt,pure,minerals,silver,field
red,clay,any,twenty,package,salmon,master,swimming,tiny,library,tales,accident,ship,finish,printed,quietly,school,independent,species,cream,combine,himself,weigh,soft,grain,twelve
now,am,pencil,throughout,middle,invented,dead,son,climate,sentence,measure,jet,stage,dig,composition,former,sort,grabbed,swim,older,desk,older,east,bell,add,donkey
low,halfway,image,closely,storm,army,interest,larger,pull,club,military,point,short,wherever,bowl,excellent,harder,enough,length,mud,valley,branch,discovery,put,flies,breathing
know,over,yes,quick,before,daily,volume,sport,tall,out,lady,travel,could,pattern,slept,screen,freedom,evidence,writer,prove,happened,forth,therefore,exactly,scientist,west
unit,you,flew,drawn,fox,bee,know,through,stood,quickly,speed,map,company,shadow,careful,tide,doing,dinner,piece,atomic,record,heat,ourselves,crowd,consider,quick
beginning,queen,club,burst,brick,pure,touch,car,look,did,shown,was,broken,belong,apple,complex,carry,drawn,eleven,aware,lying,across,faster,warm,function,successful
speed,wood,stood,union,pride,order,distance,strange,rod,bush,cabin,living,careful,donkey,join,route,finest,perfectly,tool,by,beginning,cave,raise,body,although,solve
burst,river,gasoline,experiment,require,action,sheet,river,heart,card,apple,changing,horn,needed,meet,breakfast,cage,supply,safety,number,thousand,motor,come,necessary,melted,powerful
tape,better,stream,north,rubber,point,discuss,molecular,reason,river,pencil,spin,satellites,piece,continued,cost,chemical,hurt,grandfather,blew,cup,local,orbit,wool,classroom,once
managed,future,baby,gate,vapor,great,glad,scientist,apart,fur,book,cave,unit,beautiful,window,grandmother,bill,atomic,everybody,lady,fallen,recent,frame,come,worried,package
widely,wealth,health,pink,joy,get,pretty,factor,independent,already,layers,manner,rain,ancient,weigh,human,tales,furniture,paragraph,bicycle,scared,mark,build,done,constantly,purple
easy,result,torn,see,not,magnet,itself,little,modern,making,send,nearer,ants,of,structure,fourth,motion,contrast,chest,nobody,zebra,taken,pull,plenty,school,wolf
thee,state,force,become,fought,certainly,alphabet,signal,paid,clear,refer,smallest,feel,while,atmosphere,border,dollar,anyway,depth,sitting,one,bicycle,break,press,equipment,summer
result,took,asleep,complete,loss,smooth,take,state,offer,chief,any,reader,drop,information,opportunity,fuel,morning,pen,telephone,layers,tonight,society,column,curve,habit,water
jack,system,movement,paragraph,lovely,follow,wise,mass,buffalo,struggle,greatest,over,curious,surprise,high,pond,farther,slabs,idea,win,check,wait,oil,recently,bite,anybody
quick,finish,ill,supper,planned,easy,forget,snow,again,entirely,fence,property,invented,handle,serious,drive,apple,being,throat,late,finish,choose,put,desert,height,plural
second,watch,spend,allow,impossible,people,attached,regular,ahead,market,breeze,spell,doctor,toward,horn,purpose,order,fly,perhaps,unknown,been,nice,tail,certainly,arm,shinning
attention,medicine,strange,animal,source,could,green,ship,anyone,might,hurt,black,bit,climb,little,swimming,military,rope,season,said,camera,orange,water,skin,able,green
me,door,particularly,black,substance,fifteen,tell,possibly,military,get,finally,pot,energy,nuts,example,before,monkey,wet,heard,slight,most,fellow,lay,eventually,none,happy
vertical,slope,touch,mass,origin,castle,while,spell,truck,folks,community,taken,zero,knowledge,power,you,go,hold,earn,ring,early,due,owner,newspaper,hunter,limited
thank,swimming,life,drop,signal,same,officer,business,recall,word,effort,line,accident,type,swim,pride,past,history,doubt,suggest,he,purple,subject,outside,kind,speak
move,fall,building,hidden,afraid,shoulder,advice,fact,foot,handle,wish,deal,square,build,hurry,shallow,edge,unless,symbol,farmer,street,wave,brought,snake,visit,simple
ourselves,yourself,goes,win,soil,bicycle,took,day,related,box,poet,cold,white,mountain,anywhere,quiet,lay,stream,aid,agree,thin,excellent,pole,hay,room,anybody
tonight,stranger,stove,same,great,different,dig,hand,hundred,actual,unless,chemical,rose,possibly,fear,thee,would,principle,terrible,be,rays,been,spell,lose,progress,tip
add,customs,wool,real,tie,star,measure,native,alphabet,sunlight,final,chosen,won,plus,danger,wise,affect,lower,handsome,plastic,directly,press,tried,begun,drew,shut
dig,oldest,poet,dust,rich,tight,using,lunch,western,death,green,voice,outline,supper,feature,monkey,family,remain,land,thee,unusual,necessary,cutting,hello,blew,came
spread,major,different,slept,birthday,machinery,tired,fill,complex,describe,barn,eleven,long,parts,variety,planned,ancient,outside,four,principal,since,train,vowel,stared,selection,education
speed,broke,joy,crowd,larger,box,record,hurry,else,habit,organized,exciting,care,road,money,partly,country,between,toy,good,south,against,treated,substance,try,environment
pan,gold,wing,crowd,clay,alive,comfortable,guard,island,hat,having,seven,rod,went,suddenly,type,excited,join,form,lay,become,horse,mad,middle,leader,sink
identity,egg,sharp,found,stretch,various,yourself,finest,skin,taught,surface,article,climate,silly,brain,married,allow,law,product,term,die,careful,care,tide,sheep,actually
guide,thin,thick,pitch,enough,cool,conversation,suddenly,my,all,practice,ate,matter,picture,highway,fair,grass,ocean,center,flies,gift,final,crew,needle,danger,slightly
maybe,loud,influence,ask,chosen,worth,obtain,gulf,struggle,prize,although,along,maybe,west,material,reason,mistake,with,actually,against,dish,split,equipment,thirty,myself,goose
up,evening,image,claws,purpose,driven,cheese,sort,along,only,nails,deal,even,shade,printed,with,shade,get,whose,importance,buffalo,height,current,join,someone,led
union,inside,motor,century,interest,possible,else,rope,team,behind,energy,change,brief,wrong,zipper,blank,city,completely,hardly,smaller,travel,no,act,slide,take,let
birds,key,service,closer,saddle,compass,spider,length,driven,joined,fox,hold,cap,race,been,get,obtain,may,hard,bite,smallest,step,mother,similar,blood,bottom
seldom,hidden,hair,prepare,angle,bean,brother,sister,magnet,mountain,town,trap,bark,type,particularly,happy,total,parent,local,tired,group,half,outer,nor,zero,home
becoming,ready,dull,announced,five,moon,use,numeral,fish,leather,add,or,frog,till,fat,straight,grain,nice,summer,tone,better,actual,great,division,mile,transportation
design,some,exclaimed,waste,heavy,during,result,valley,somebody,silent,tight,form,important,look,metal,general,instead,bowl,mother,chair,fill,interest,thus,library,per,jack
importance,stranger,valuable,ill,carefully,few,eventually,low,came,talk,date,discuss,manufacturing,build,shape,master,why,hide,park,yourself,softly,folks,bone,myself,shoot,ate
tight,silk,blank,personal,scale,hair,choice,year,cake,possibly,species,find,produce,lady,youth,lesson,television,except,pole,label,good,team,wherever,metal,got,about
iron,push,price,nothing,share,club,anywhere,shadow,claws,lamp,next,combination,size,pilot,mood,actually,mother,total,greatly,mental,symbol,direction,whole,duck,crew,fruit
men,worker,tax,peace,because,mud,lunch,little,accept,worker,unknown,lift,mathematics,sad,eleven,difficult,give,while,trade,event,slept,contrast,plate,shall,trip,question
regular,service,equipment,shoe,pile,carried,wool,arrange,passage,level,strange,fort,cow,composed,one,beyond,main,discover,give,hand,did,vote,shoulder,friendly,poetry,build
mountain,carried,down,order,music,respect,raise,shut,lungs,lake,adventure,respect,exist,family,led,chain,getting,summer,found,farmer,rest,war,grandmother,command,leaving,separate
average,stopped,silver,single,unless,my,courage,underline,giving,noon,planning,group,skill,fastened,nodded,select,been,pipe,steel,steel,river,especially,work,becoming,like,dust
walk,alike,plates,product,shape,poor,carefully,both,can,treated,box,equal,baby,mile,stems,leg,boy,low,basket,deep,policeman,manufacturing,birds,characteristic,creature,serious
accept,after,brown,become,everywhere,in,keep,progress,surprise,heavy,prepare,health,kept,meal,mirror,party,happened,pattern,small,drawn,radio,wear,graph,dig,tin,free
western,smell,level,dawn,noun,relationship,basic,studied,experiment,support,verb,quarter,furniture,football,monkey,mission,simply,lips,my,folks,leather,unless,replied,sometime,mountain,fight
goes,wing,fellow,doctor,require,rose,tonight,pound,write,busy,fell,problem,roll,swimming,cap,horse,nothing,coal,herself,floating,beat,shape,became,fifth,most,making
rest,corner,some,catch,trouble,moon,afternoon,doubt,beauty,crew,touch,trace,hurt,smallest,most,rock,drive,take,finish,easier,tent,swept,activity,numeral,wind,nearby
post,shoulder,done,pupil,pupil,operation,screen,giant,said,gravity,tail,fastened,escape,duck,cloth,policeman,road,sold,contrast,opposite,whose,rising,village,race,handsome,lamp
first,agree,dinner,thumb,available,canal,into,visit,mark,gain,farm,station,rabbit,middle,identity,price,sentence,strong,watch,package,point,difference,has,depth,ring,moving
cast,plant,brick,tip,increase,swam,tax,late,curious,needed,row,now,roll,within,ancient,shorter,adult,three,morning,generally,pressure,leave,form,captured,specific,noise
crew,usually,man,kids,element,hurried,sudden,prevent,planning,nine,medicine,carried,fighting,bring,vapor,thee,greater,move,motion,money,valley,tropical,soldier,favorite,imagine,tape
never,ever,down,tightly,goes,slave,powerful,snake,tales,different,farmer,church,bit,success,least,coach,powder,column,wise,pound,ourselves,during,cow,rabbit,wet,cell
faster,trade,under,shelf,daughter,question,pure,exclaimed,softly,begun,birth,beyond,practical,white,speech,minute,wore,jack,bridge,article,wheat,note,among,her,author,wise
early,cause,known,send,area,stretch,particular,mine,arm,human,mathematics,planning,coach,stared,key,difference,clock,becoming,hide,sister,solid,final,begun,famous,stream,spent
element,lesson,myself,whispered,making,trap,soil,bread,skin,section,manner,climate,castle,secret,was,mirror,because,hair,against,private,hospital,escape,plenty,divide,greatly,till
card,store,in,main,halfway,company,soil,know,needs,mighty,distance,wire,cutting,buffalo,evening,easier,stretch,weather,threw,saddle,chart,corn,separate,someone,deeply,paid
something,lonely,pleasure,copy,while,mostly,entire,oxygen,children,development,floor,scene,balance,him,wagon,topic,earn,other,itself,wash,managed,particular,larger,leave,alike,consonant
meat,monkey,transportation,over,rush,guide,ride,rough,rubber,movie,root,edge,measure,partly,blanket,smaller,pony,figure,silly,cover,pattern,carbon,world,forty,area,buy
two,fresh,around,came,left,expect,location,leave,card,fought,wolf,saddle,ran,himself,watch,leader,correctly,slabs,highest,sail,case,label,difficulty,refused,production,mean
function,drink,be,best,rope,worker,pattern,hunt,month,traffic,dollar,wise,prevent,highway,class,job,morning,something,visit,turn,prevent,neighborhood,already,passage,process,interior
spin,belong,tower,pupil,except,dozen,kitchen,yesterday,clothing,upward,organization,rose,pot,thought,pilot,writer,somewhere,slope,solid,queen,pressure,monkey,again,believed,nice,flat
term,tales,dish,travel,usually,chose,policeman,boy,country,old,alive,open,or,safety,deep,shout,headed,eye,shade,instant,lack,country,fifty,this,old,hollow
future,metal,drink,machinery,kept,part,pan,diameter,shop,average,individual,piece,stretch,brief,complex,missing,interest,loose,wave,command,easier,cream,twelve,steady,frequently,short
come,taught,aside,key,west,dirt,seven,shade,danger,voyage,dot,ask,driving,human,effort,white,determine,energy,blank,thread,vowel,broad,rice,just,warm,nor
ahead,jump,subject,exciting,per,cause,simple,could,willing,transportation,shall,change,golden,account,school,fish,around,under,instead,yet,sick,load,nervous,unhappy,elephant,real
show,hair,eager,torn,already,enter,thirty,musical,escape,proud,trail,complete,type,continued,baby,rich,western,ask,west,except,horn,nobody,driver,whom,plural,fresh
parent,band,broad,never,cold,chair,camp,hardly,knife,material,everyone,rising,bring,face,running,those,very,heard,middle,door,perhaps,escape,space,sat,muscle,mud
essential,level,expression,forgotten,tight,theory,chest,eye,soft,numeral,active,rock,automobile,earlier,feel,trip,part,curious,south,wagon,cave,object,ball,feed,opportunity,wide
wrapped,extra,calm,guard,bag,function,interest,farm,calm,slip,judge,temperature,dirty,pie,correct,expect,support,tower,cold,free,simple,eye,spirit,full,which,be
leaving,repeat,led,cage,flew,throughout,poetry,outside,earn,record,border,when,visit,should,whether,little,appearance,throughout,visit,map,body,contain,tomorrow,hand,follow,birth
religious,single,village,dirty,warn,store,caught,article,numeral,as,everybody,lying,powerful,piece,language,cabin,high,fed,occur,help,hand,handsome,dirt,replied,rabbit,owner
donkey,creature,shown,hurried,plant,solution,give,instance,nothing,she,since,provide,animal,dark,suddenly,smooth,tiny,these,ever,band,refer,laugh,track,bear,lovely,accept
am,came,door,military,team,mental,good,park,knew,pond,political,local,rich,climb,evidence,crop,cowboy,pipe,milk,during,positive,solution,clay,southern,bottom,hole
outer,shoot,both,factory,maybe,water,desk,sign,spend,sky,wood,source,his,shape,journey,develop,hollow,moon,game,grandfather,listen,become,number,fifteen,can,directly
definition,mile,process,wonder,dry,fat,answer,excellent,studied,honor,force,about,factor,invented,wish,straight,happy,sudden,activity,star,before,condition,square,system,explain,sunlight
bright,solution,member,slept,remember,willing,success,faster,dinner,tower,fall,enough,another,stock,evidence,had,crew,produce,parts,well,sense,planet,numeral,improve,chosen,thirty
accept,own,sand,learn,pretty,straw,tax,program,guard,experiment,invented,though,friendly,sight,body,citizen,zebra,sad,took,source,period,neighborhood,travel,molecular,father,write
farmer,bill,atomic,someone,serious,spider,plus,frozen,field,mill,rain,sent,cry,least,wind,theory,steel,park,habit,source,ants,send,magic,universe,cook,driven
look,garage,climb,silence,everything,off,fort,live,should,clean,coal,climb,crack,production,season,would,maybe,cat,body,remain,took,spider,thick,pony,heat,clearly
sort,jump,there,constantly,lack,show,tears,meant,excitement,map,successful,according,soil,attempt,square,balance,number,dot,book,start,older,large,act,write,running,twenty
pine,college,dug,chose,breeze,behavior,behavior,sight,column,lower,pile,shells,repeat,require,bee,near,suppose,egg,flag,zulu,right,burst,square,chemical,thread,shinning
gasoline,still,airplane,capital,dead,else,seldom,moment,stranger,whispered,itself,far,immediately,again,dozen,individual,medicine,exercise,not,center,rope,repeat,religious,tongue,movie,night
chosen,industry,mud,frozen,concerned,cup,proper,military,jack,consonant,percent,center,nice,well,fire,party,pilot,beyond,high,upon,wheel,trap,airplane,cup,joy,trail
picture,young,powder,glad,master,start,mouth,yesterday,we,second,grade,ride,public,pressure,feed,range,mission,victory,article,alphabet,tape,perhaps,port,popular,cup,report
nine,pie,popular,naturally,leg,tiny,copper,land,steam,previous,quarter,bottle,hunt,cost,rocket,brain,cutting,sign,frog,wealth,advice,bean,purple,themselves,spirit,within
month,below,cream,compound,white,page,fierce,letter,wheel,bare,depend,sad,correctly,anything,small,cow,crack,dress,information,give,gave,dirt,himself,even,music,round
degree,silent,record,dream,represent,diameter,movie,structure,industrial,sum,bottom,suppose,test,worth,fastened,thought,police,road,porch,egg,wolf,complete,slowly,action,tone,while
five,select,football,secret,figure,nodded,rice,children,rocky,nor,flower,great,wife,shout,exchange,its,ride,country,information,brother,boat,monkey,spell,former,case,car
vote,adjective,pink,place,rise,lady,slight,once,appropriate,managed,take,combine,upper,division,shall,into,nobody,understanding,path,pupil,clock,wherever,step,make,soft,square
live,instance,instance,got,reader,coast,ran,knew,shoot,allow,title,whistle,eventually,practical,carefully,production,cut,zebra,broad,southern,long,food,poetry,anywhere,sentence,drew
could,sent,please,examine,inch,wait,nearer,easily,crowd,minerals,massage,spend,student,easy,family,look,about,rocky,breakfast,saw,fresh,trap,actual,percent,herself,thee
period,experiment,since,pair,shop,division,trip,chemical,effect,improve,knowledge,end,bowl,remove,by,lying,roar,buffalo,both,lunch,breath,whom,quickly,fighting,crowd,about
