a,b,c
atom,bus,cow
alive,bear,cell
ask,bite,contrast
aware,build,coat
apple,brave,
,bare,chart
anyone,became,calm
appearance,brown,closer
,buy,caught
,became,connected
alike,best,condition
able,beautiful,club
,,color
accept,book,crop
among,broad,careful
along,building,cut
according,,combine
add,bread,cap
,bat,call
apartment,bright,came
alike,block,crack
,baseball,college
after,buy,
,breakfast,cutting
another,bark,concerned
,balance,clear
ago,border,clear
add,breeze,construction
adjective,burn,comfortable
answer,base,construction
appearance,,changing
according,blue,catch
ancient,bridge,control
,born,church
,bottom,cage
arrive,brought,conversation
,become,closely
,,coach
,beat,change
again,best,clay
atomic,,coming
arm,breakfast,
aware,breeze,clothing
able,boy,caught
able,bottle,
apartment,between,club
audience,back,clock
anybody,,cast
atomic,boat,
any,,company
act,boat,came
,blow,clear
activity,box,
additional,border,compound
as,beat,correctly
act,between,conversation
ancient,band,cost
about,bell,captured
art,blanket,church
advice,,congress
,be,card
alike,breeze,couple
after,bent,close
,better,cell
avoid,blue,cent
area,,cover
,brush,certain
aboard,bound,colony
angry,busy,crop
advice,beautiful,crop
action,,cattle
ahead,bow,cloud
apartment,blood,
anyone,bet,coming
afraid,bell,climate
almost,building,consist
aloud,birds,certainly
,buried,charge
ahead,bad,climb
adventure,birthday,central
,brother,crowd
,begun,column
,breeze,compare
acres,beginning,closely
additional,became,children
,bite,collect
act,boat,cloud
,bus,camp
ahead,be,coal
alphabet,burst,composition
animal,baseball,coming
,blue,coast
agree,behind,
,beat,calm
,bean,
atomic,bring,compound
,butter,coming
ability,by,course
another,building,correct
apple,brought,composed
