A,B,C,D,E,F,G,H,I,J,K,L,M,N,O,P,Q,R,S,T,U,V,W,X,Y,Z
tail,upon,bear,early,additional,salmon,structure,freedom,prepare,journey,basic,doctor,grain,sum,pride,book,mile,sets,until,pipe,typical,nodded,trick,active,game,mainly
drew,dinner,onto,electric,separate,baseball,now,came,hundred,vertical,mixture,compare,those,aid,possibly,test,supply,union,got,wheat,limited,distant,fastened,parent,also,back
trunk,brother,difference,willing,yet,allow,real,atmosphere,cage,properly,grandmother,full,definition,fully,ahead,form,egg,immediately,exercise,double,motor,replied,spend,social,dull,remarkable
still,opinion,cowboy,rope,frighten,girl,when,spring,angry,gasoline,shut,drive,operation,rest,courage,zipper,strange,stage,married,as,thin,native,exchange,equally,alive,frog
air,breathe,rear,monkey,line,middle,birthday,village,after,dangerous,closer,pour,fastened,wool,halfway,view,radio,became,dig,fewer,prize,evidence,science,fact,each,quick
hot,product,visit,government,operation,funny,actual,mine,clothing,lack,chain,father,like,announced,have,direction,youth,foreign,eaten,income,pole,coach,silent,setting,equator,silence
tribe,chicken,dirt,wolf,eat,chance,nose,supper,prepare,worse,hour,larger,war,aloud,forget,man,at,automobile,lucky,nearby,plane,send,rod,studied,horn,log
stuck,way,fast,is,having,laid,share,off,cause,complex,lonely,you,sad,art,limited,heavy,forgotten,teach,around,spent,sets,middle,ago,she,grade,huge
neck,throw,promised,poet,record,fellow,eye,rest,maybe,direction,split,struck,develop,equally,minerals,century,bat,comfortable,farm,short,mark,although,listen,horn,important,thread
egg,chosen,fight,refer,worried,pond,escape,primitive,ability,baby,orange,clean,enter,under,citizen,caught,western,nearest,naturally,largest,ants,daily,right,chest,allow,prove
first,play,identity,hungry,been,fog,sport,eleven,successful,rather,beat,prize,keep,toy,species,zebra,toy,lot,deeply,end,military,part,therefore,soon,whenever,drink
front,company,flat,station,busy,feathers,take,instant,finger,rain,promised,telephone,television,theory,original,smoke,kind,important,strip,eventually,thee,division,production,join,plural,reach
blanket,combine,since,air,twice,pain,wash,gently,view,another,skill,crack,cabin,select,most,community,eager,select,diameter,these,feathers,bit,feathers,pleasant,sight,experience
nervous,powerful,location,officer,direction,gray,thirty,author,these,coach,feathers,feature,lesson,energy,sense,story,classroom,collect,table,everything,kill,slight,me,ancient,rocket,consider
compound,bad,younger,smell,guide,consist,time,tone,organized,half,indicate,eaten,it,dream,solar,airplane,worth,snow,process,but,adult,pleasant,welcome,faster,men,such
sense,horse,place,rather,gun,paid,cover,visit,last,plus,country,slide,shaking,oil,with,scared,exact,bicycle,wagon,satellites,carried,naturally,check,go,soft,cage
today,heat,till,necessary,picture,tie,naturally,across,coming,environment,trap,great,lion,labor,magnet,play,highest,pipe,city,send,vertical,printed,kids,having,breakfast,route
route,distance,breeze,occasionally,who,birth,work,example,officer,plural,street,give,worker,mean,there,kept,son,off,cage,railroad,wait,wheel,spider,cent,scientist,fast
finger,during,related,careful,hardly,least,pressure,tomorrow,led,famous,combination,tip,queen,tobacco,gun,treated,dear,surrounded,voice,example,slow,stretch,herd,serious,atmosphere,lie
language,furniture,applied,badly,bit,mountain,helpful,inside,various,happen,wash,place,strong,silent,related,about,office,level,clock,setting,stay,busy,sets,valuable,science,agree
population,my,choice,thank,especially,rabbit,connected,come,greatest,seen,capital,oxygen,dead,useful,leaf,claws,noon,pole,army,describe,where,fellow,design,tongue,rock,folks
never,wife,correct,shoot,element,women,truck,heart,negative,sort,sent,ants,upper,simple,tall,stairs,ear,increase,aside,person,accurate,dozen,room,saddle,circus,else
calm,discuss,plate,fell,land,foot,neighborhood,tone,barn,receive,printed,pack,nearest,death,musical,something,girl,smile,either,child,develop,word,separate,main,biggest,kids
traffic,occasionally,shadow,guess,page,chance,discovery,blank,student,common,sang,shout,upward,harbor,sell,happily,letter,announced,bag,yellow,tent,share,treated,goose,dull,saw
discover,detail,automobile,fog,examine,during,weigh,poetry,environment,eight,care,blanket,moon,prepare,loose,laugh,substance,enter,earlier,she,look,play,weak,sentence,cause,town
tip,meal,act,energy,region,fireplace,across,under,pleasant,system,folks,laid,getting,room,mainly,atmosphere,mighty,opportunity,event,flew,air,tie,horn,image,neighbor,heat
cave,space,finest,stomach,freedom,actual,teach,gave,rise,statement,won,fort,bad,tide,divide,famous,castle,star,doing,biggest,third,native,importance,substance,send,repeat
dear,horn,faster,for,bone,fallen,found,gently,somebody,right,badly,battle,kitchen,chest,lot,spite,mountain,area,corn,topic,tower,tight,instrument,replied,pony,few
beat,metal,carefully,shoe,noted,children,piece,by,goes,idea,consist,current,research,eight,pile,quarter,variety,down,earth,chicken,vertical,myself,movement,success,must,reader
including,frozen,hide,replied,luck,middle,forgotten,clearly,second,suppose,scene,right,blank,jungle,concerned,almost,harder,bag,dropped,terrible,one,stuck,cup,tall,buy,branch
maybe,due,yellow,camera,effect,push,skill,pressure,outer,scientific,younger,outline,potatoes,east,youth,show,free,automobile,price,mysterious,active,birds,clean,valley,birth,them
shirt,consist,proud,come,fast,frighten,bring,key,top,it,too,aware,store,court,research,world,mental,path,friend,once,beauty,waste,cost,read,grass,bet
occasionally,electric,got,test,vowel,atmosphere,tip,within,science,stopped,vowel,go,top,stranger,service,where,almost,won,purpose,either,curious,past,ranch,lack,salmon,keep
its,hope,sell,tip,standard,highest,characteristic,flag,eye,mad,muscle,private,discuss,herd,kill,love,bottle,drink,large,modern,salt,frighten,bark,likely,bow,suit
sure,breathing,hurry,ring,land,realize,lack,whose,problem,forgot,adjective,dug,swim,quarter,felt,cold,produce,major,dirty,pilot,low,volume,beauty,wherever,movement,plant
two,short,sweet,leather,definition,pictured,charge,feed,examine,function,nine,practical,born,official,mysterious,entirely,nuts,include,curious,major,floor,hello,rock,something,string,knowledge
sheep,island,discovery,forest,thought,run,applied,play,drawn,bank,sight,water,twice,experience,different,box,bridge,rather,duck,value,school,itself,search,want,least,jar
pick,bite,nation,thing,right,layers,aboard,smell,buried,reason,mental,end,activity,serious,musical,pet,raise,worker,period,wish,stairs,split,wise,compound,mother,bear
bottom,back,warm,real,have,gave,series,no,clock,gate,minerals,laugh,sudden,another,charge,tank,right,grain,birthday,definition,distant,tall,gun,tell,stranger,shoot
had,heard,courage,differ,weak,dish,higher,noted,machine,familiar,sink,dawn,problem,have,position,pine,grade,another,magic,smaller,upper,captured,complete,popular,wait,solid
machinery,touch,watch,settlers,globe,shelter,of,point,shout,southern,horse,dozen,needle,forgotten,negative,serve,hit,independent,facing,upward,compass,roll,driving,crowd,government,final
team,vegetable,either,storm,bill,industrial,neighbor,depth,slightly,indicate,having,real,frighten,behavior,mad,wave,sent,immediately,ground,her,themselves,local,mud,listen,diagram,deal
anything,idea,ordinary,pocket,natural,mysterious,nor,enter,lonely,plant,pattern,palace,cap,kill,turn,tightly,tropical,happily,voice,feel,including,plates,salt,fought,eleven,pattern
avoid,volume,straw,rubber,recognize,steady,natural,aid,our,finish,never,tank,pressure,particles,imagine,bell,factor,brave,escape,thank,such,company,special,species,bicycle,dog
drew,phrase,stove,education,said,slight,sure,arm,correctly,star,bank,buy,pain,listen,hard,sometime,rock,paint,most,stood,yes,produce,proud,bark,yet,magnet
telephone,tone,shoe,troops,hill,ordinary,tall,down,operation,agree,nest,egg,bear,greatest,my,fence,star,nervous,immediately,iron,live,cow,mistake,rubbed,spin,out
definition,double,amount,doll,twenty,hungry,kind,dirt,discover,afternoon,bit,half,husband,tall,goose,would,circle,easy,union,coat,thank,oxygen,especially,escape,oxygen,jungle
duck,maybe,proud,tropical,conversation,wife,fourth,long,therefore,pencil,hardly,everything,attempt,process,what,affect,mark,run,outside,board,money,written,future,had,sure,element
pattern,charge,somehow,than,region,press,taught,vast,locate,recently,deep,perfect,structure,heard,sudden,beautiful,cat,drink,office,too,steep,you,something,spite,especially,entire
needle,examine,barn,paint,cloud,window,create,church,voyage,toward,waste,spend,tie,inside,take,shaking,fair,son,age,which,slow,lonely,school,ice,dress,point
winter,double,discussion,person,according,lucky,bottle,mathematics,clearly,discovery,cloth,met,balloon,dropped,over,death,iron,base,reason,wave,roll,away,color,frighten,shall,equally
make,cut,plane,dried,applied,exactly,sold,blood,firm,gravity,receive,perhaps,father,knife,mental,branch,appearance,flies,basis,stared,corner,act,chosen,forest,rocket,next
took,author,came,sitting,black,month,date,death,prevent,choice,protection,noon,discovery,wind,sort,garden,longer,fought,point,cast,telephone,game,dozen,adult,dirt,load
mainly,halfway,cowboy,sentence,studied,ill,hurry,heat,supper,arrangement,another,for,sort,organized,written,clear,newspaper,fellow,party,gasoline,necessary,longer,without,together,correct,will
spell,could,unit,worker,brown,nor,door,show,trip,ordinary,prove,forth,sink,result,stop,oxygen,owner,solid,design,village,environment,winter,oxygen,teacher,pig,trick
possibly,easier,ourselves,addition,ants,vowel,neck,table,still,table,minute,hall,mark,origin,greatest,program,actual,dear,daughter,seeing,southern,famous,route,many,section,simply
feed,stretch,indicate,pictured,nine,mind,feed,problem,industry,broke,do,president,field,corn,increase,doubt,told,his,join,soap,yes,central,worry,seldom,sail,poetry
compass,thousand,clean,coat,consider,forget,phrase,smoke,fox,seven,break,recent,drive,spin,mathematics,got,laid,hurt,women,taken,dropped,hollow,provide,flew,left,return
exactly,bigger,hung,walk,body,barn,religious,swimming,trace,improve,today,climate,value,original,parallel,shot,office,factory,older,sick,eaten,people,fed,hunt,rhyme,secret
color,cool,continued,wore,farm,sheet,goes,pony,floating,edge,arrangement,engine,something,price,firm,read,born,bat,tired,plus,officer,choice,fast,universe,wool,seems
easy,rock,west,family,captain,courage,provide,diameter,provide,kitchen,consonant,thank,bigger,grade,experience,map,lot,pen,lonely,own,flame,might,best,somehow,palace,favorite
limited,agree,signal,failed,week,globe,crowd,verb,wing,shelf,mixture,coach,exact,specific,month,either,drop,noon,state,said,can,guard,busy,surface,toward,canal
science,gate,break,spin,by,lie,writer,wash,nervous,avoid,forth,like,without,exclaimed,rhythm,prove,idea,life,last,gulf,tried,ran,policeman,brick,brave,river
taught,modern,active,bush,whenever,slow,ocean,take,hurried,believed,wolf,save,fun,hill,place,milk,strong,combine,proper,cup,bell,mine,library,physical,plant,arrive
palace,drew,rubber,wish,orange,difficulty,poetry,noon,next,minute,tune,strange,vast,suggest,alive,village,single,appearance,several,class,whatever,expect,parts,built,these,tune
accept,wool,station,floating,work,imagine,also,oil,age,warn,poem,develop,lose,mission,horn,parts,station,became,load,means,lovely,of,managed,free,pass,late
bicycle,pile,of,individual,final,third,near,excellent,hollow,world,liquid,stand,damage,hat,property,triangle,why,work,about,managed,me,hide,excitement,division,entire,silly
park,time,active,shoulder,duck,future,come,quiet,snake,attack,compass,bowl,edge,straw,chief,load,combine,tales,call,saddle,possible,vote,block,sleep,forty,becoming
are,powder,supper,frequently,action,provide,closely,usually,smallest,younger,entirely,gulf,slowly,supper,recent,unit,arrangement,breathing,tropical,this,within,way,company,bone,usual,swimming
hot,solution,another,coal,alone,come,running,police,raw,rays,bee,amount,while,feathers,cool,roll,news,history,church,driven,month,door,football,engineer,coffee,our
sit,happy,visit,musical,girl,plant,breath,accident,current,arm,knowledge,everyone,stop,exclaimed,driver,season,result,higher,pet,mysterious,saddle,shadow,pale,personal,duty,appearance
officer,grown,hill,ear,loose,last,recall,brass,ranch,morning,rising,least,only,then,test,everything,plates,movement,troops,wrote,produce,bean,wet,forgot,would,funny
apple,met,loud,mile,possible,proud,instrument,wind,neck,west,flag,least,conversation,done,myself,body,remember,son,sometime,arrow,path,compound,dot,purpose,bow,shine
buffalo,way,suit,inside,mission,operation,effect,directly,general,mountain,education,sad,program,additional,afraid,mix,skin,obtain,plenty,shout,person,occur,measure,stepped,star,flat
national,subject,watch,tie,principal,all,climate,college,buffalo,carefully,depth,strip,aid,simplest,leg,rate,without,bottle,wing,machinery,curious,fought,ahead,straight,upon,environment
receive,struggle,swam,brass,been,doubt,known,jet,well,girl,little,tall,author,foreign,bat,thing,made,show,equipment,possibly,setting,comfortable,larger,or,chart,whenever
tail,importance,law,fuel,castle,took,went,breathe,built,fun,fifth,happen,meal,speech,allow,sink,luck,easier,you,tree,is,respect,population,younger,fish,realize
anyway,missing,busy,fallen,likely,donkey,minute,solution,word,within,discussion,student,contain,indeed,middle,log,eat,return,car,bread,mental,willing,cool,bark,means,welcome
topic,half,brief,certainly,without,mail,honor,return,come,sit,production,nothing,clay,free,pour,settlers,atmosphere,here,nose,like,position,realize,child,double,mysterious,be
guard,active,pure,bigger,younger,silence,separate,pride,hit,bell,equal,forward,power,friend,property,trail,due,amount,from,fun,lesson,question,darkness,volume,tribe,have
pictured,alphabet,plain,hat,shut,attached,smell,climb,smoke,ball,blank,fallen,liquid,easy,account,few,rocky,vapor,fastened,high,rocket,previous,sky,unless,weather,minerals
suppose,air,smoke,research,classroom,weather,cost,sure,till,bring,feed,arrow,wealth,instrument,small,week,everything,left,older,zero,land,chart,political,vast,planned,classroom
table,whale,beginning,job,touch,dollar,needed,silly,told,walk,second,harder,attempt,put,fort,having,ourselves,learn,accept,fact,aside,food,chain,kind,apple,college
voice,task,stick,helpful,telephone,trick,dawn,mile,zero,label,wagon,thank,require,zipper,told,blood,count,floor,syllable,climate,pencil,paint,what,hunter,rear,special
prepare,paid,horn,cookies,dress,ask,shells,sudden,unit,furniture,plan,right,nails,likely,shop,report,fox,identity,theory,her,two,wood,sea,monkey,recognize,becoming
beautiful,charge,teach,shells,stand,form,smile,strong,independent,radio,escape,something,birthday,later,time,rod,market,dangerous,to,actually,palace,color,underline,rock,rate,seed
ought,correctly,with,this,instance,composition,activity,older,whale,free,welcome,nose,day,poem,produce,spent,studied,everyone,point,child,examine,town,degree,instant,tomorrow,meant
sleep,outline,accurate,film,chapter,travel,image,congress,open,aware,excited,made,perfectly,prove,experience,captured,firm,split,wooden,get,its,found,circle,thing,highway,station
syllable,natural,blank,oldest,steel,contrast,grandmother,bar,stared,long,discover,position,disease,feed,stretch,exciting,its,want,pond,dot,chamber,stone,shadow,raise,coach,teacher
wide,these,climb,pure,entire,band,first,ball,thumb,save,recognize,carry,along,trail,model,they,pretty,court,line,get,chair,forth,know,effect,all,park
substance,home,failed,seldom,anyway,movement,path,since,characteristic,light,tube,twelve,police,sister,force,line,mysterious,industrial,key,movie,slight,quiet,let,station,lion,school
available,remain,joy,command,exclaimed,earlier,electricity,breakfast,bet,page,somebody,tiny,voyage,whom,speed,evidence,giant,have,bend,realize,jet,muscle,giving,hard,belt,wooden
lady,wagon,engine,rabbit,how,declared,population,highway,under,sleep,end,direction,however,what,band,search,personal,upon,regular,sense,uncle,flower,situation,riding,ate,thick
able,vote,stage,top,supply,missing,play,jungle,progress,headed,second,kill,go,but,remember,tide,sheep,back,service,tone,north,sentence,at,first,church,won
belt,shade,announced,lost,generally,prize,eventually,fifty,answer,careful,fairly,lady,broken,shall,barn,throughout,dried,copy,difference,stopped,remarkable,gasoline,rate,complete,most,variety
tube,sad,nose,musical,every,scale,traffic,attempt,find,thee,day,shelter,air,stage,park,shorter,stronger,collect,foreign,daily,organized,corner,family,setting,property,rising
office,mice,save,nest,future,instead,becoming,riding,whom,saved,plural,war,breeze,owner,primitive,behavior,imagine,copy,father,position,course,else,aboard,society,living,ourselves
syllable,together,chicken,art,dog,faster,mighty,unless,sail,swung,thou,fastened,bowl,picture,plan,few,seed,private,certain,ear,came,development,lunch,blow,deal,seeing
typical,construction,accident,value,needed,tell,machinery,space,consider,since,anything,loud,concerned,produce,pole,scene,question,court,daughter,hung,development,mostly,balance,older,song,outside
chose,studying,born,rest,exactly,gravity,indicate,exactly,congress,edge,smallest,desert,keep,bottle,bowl,from,solid,effort,reach,that,route,warn,difficult,soldier,getting,college
